City_ID,City,Country,Lat,Lng,Max Temp,Humidity,Cloudiness,Wind Speed,Current Description
0,Lebu,CL,-37.6167,-73.65,47.71,80,3,10.09,clear sky
1,Ushuaia,AR,-54.8,-68.3,38.86,70,0,0.0,clear sky
2,Tura,IN,25.5198,90.2201,76.53,92,34,3.47,scattered clouds
3,Lakes Entrance,AU,-37.8811,147.981,67.15,41,97,10.11,overcast clouds
4,Andenes,NO,69.3143,16.1194,48.18,81,90,10.36,overcast clouds
5,Tres Arroyos,AR,-38.3739,-60.2798,55.44,93,0,8.55,clear sky
6,Lagoa,PT,39.05,-27.9833,66.58,65,53,10.83,broken clouds
7,Saskylakh,RU,71.9167,114.0833,29.73,81,25,3.29,scattered clouds
8,Celestun,MX,20.8667,-90.4,81.9,84,65,13.89,broken clouds
9,Solnechnyy,RU,50.7214,136.6319,55.96,30,0,13.82,clear sky
10,Tomohon,ID,1.3346,124.8392,79.74,69,83,2.37,broken clouds
11,Hobart,AU,-42.8794,147.3294,60.66,55,40,28.77,scattered clouds
12,Huangnihe,CN,43.5583,128.0239,70.75,56,100,2.3,overcast clouds
13,Caravelas,BR,-17.7125,-39.2481,71.13,84,6,6.51,clear sky
14,Atuona,PF,-9.8,-139.0333,77.92,74,18,17.4,few clouds
15,Erenhot,CN,43.6475,111.9767,69.76,34,100,8.68,overcast clouds
16,Camacupa,AO,-12.0167,17.4833,67.69,61,69,4.5,broken clouds
17,Taltal,CL,-25.4,-70.4833,58.3,78,100,2.77,overcast clouds
18,Sovetskiy,RU,61.3614,63.5842,32.74,89,100,14.36,overcast clouds
19,Port Blair,IN,11.6667,92.75,82.44,89,48,5.75,scattered clouds
20,Tuktoyaktuk,CA,69.4541,-133.0374,42.8,100,90,3.44,mist
21,Cartagena,CO,10.3997,-75.5144,81.75,83,32,12.55,scattered clouds
22,Athabasca,CA,54.7169,-113.2854,55.09,57,100,8.43,overcast clouds
23,Duma,CN,34.7653,108.135,59.02,75,100,7.74,overcast clouds
24,Nautla,MX,20.2167,-96.7833,77.76,85,100,6.17,overcast clouds
25,Kerema,PG,-7.9631,145.7785,79.79,87,75,5.19,moderate rain
26,Kedrovyy,RU,56.1667,91.8167,45.01,77,100,3.83,overcast clouds
27,Busselton,AU,-33.65,115.3333,58.08,82,54,12.3,broken clouds
28,Anshun,CN,26.25,105.9333,61.75,90,100,12.41,moderate rain
29,Liuhe,CN,42.2401,125.7172,72.77,53,100,3.67,overcast clouds
30,Tera,NE,14.0078,0.7531,84.02,57,21,11.41,few clouds
31,Clyde River,CA,70.4692,-68.5914,29.55,83,100,3.02,light snow
32,Hilo,US,19.7297,-155.09,79.25,78,22,3.0,few clouds
33,Jamestown,US,42.097,-79.2353,63.72,91,1,1.01,clear sky
34,Hami,CN,42.8,93.45,76.14,19,2,6.93,clear sky
35,East London,ZA,-33.0153,27.9116,60.57,75,59,22.79,light rain
36,Saint George,US,37.1041,-113.5841,76.62,61,1,4.0,clear sky
37,Grand Forks,US,47.9417,-97.4337,71.53,57,1,12.66,clear sky
38,Houma,US,29.5958,-90.7195,78.98,92,18,5.5,few clouds
39,Ketchikan,US,55.3422,-131.6461,52.27,93,90,0.0,light rain
40,Faanui,PF,-16.4833,-151.75,77.83,75,54,17.78,light rain
41,Margate,GB,51.3813,1.3862,62.31,87,100,9.17,overcast clouds
42,Kjollefjord,NO,70.9457,27.3465,41.92,77,0,15.23,clear sky
43,Punta Arenas,CL,-53.15,-70.9167,37.51,87,0,9.22,clear sky
44,Port Alfred,ZA,-33.5906,26.891,59.99,77,87,30.11,overcast clouds
45,Mataura,NZ,-46.1927,168.8643,52.48,66,100,3.98,moderate rain
46,Kahului,US,20.8947,-156.47,84.22,68,20,28.77,few clouds
47,Boa Vista,BR,2.8197,-60.6733,80.58,83,40,6.91,scattered clouds
48,Udomlya,RU,57.8794,34.9925,35.22,81,100,8.39,overcast clouds
49,Souillac,MU,-20.5167,57.5167,69.37,88,75,11.5,light rain
50,Rikitea,PF,-23.1203,-134.9692,72.61,76,18,6.2,light rain
51,Kavieng,PG,-2.5744,150.7967,83.21,76,32,14.81,moderate rain
52,Sibolga,ID,1.7427,98.7792,77.76,86,96,1.68,overcast clouds
53,Pathein,MM,16.7833,94.7333,81.43,82,100,4.61,overcast clouds
54,Paamiut,GL,61.994,-49.6678,36.72,80,100,8.41,overcast clouds
55,Chuy,UY,-33.6971,-53.4616,57.65,98,24,6.13,few clouds
56,Thompson,CA,55.7435,-97.8558,55.56,71,75,2.3,broken clouds
57,Puerto Ayora,EC,-0.7393,-90.3518,69.55,92,39,7.0,scattered clouds
58,Khani,GE,41.9563,42.9566,53.17,78,8,5.88,clear sky
59,Annau,TM,37.8876,58.516,69.3,43,75,6.91,broken clouds
60,Berbera,SO,10.4396,45.0143,88.36,60,4,5.88,clear sky
61,Albany,US,42.6001,-73.9662,68.81,74,53,5.61,broken clouds
62,Burnie,AU,-41.0667,145.9167,55.92,95,100,24.96,light rain
63,Hithadhoo,MV,-0.6,73.0833,83.14,72,78,6.87,broken clouds
64,Nuuk,GL,64.1835,-51.7216,34.41,80,3,5.75,clear sky
65,Krasnoselkup,RU,65.7,82.4667,39.79,87,86,9.89,overcast clouds
66,Angoche,MZ,-16.2325,39.9086,73.4,67,54,17.16,broken clouds
67,Touros,BR,-5.1989,-35.4608,77.9,77,7,16.87,clear sky
68,Yulara,AU,-25.2406,130.9889,78.64,25,0,11.5,clear sky
69,Boda,CF,4.3189,17.4695,68.58,96,100,1.72,overcast clouds
70,Sorland,NO,67.667,12.6934,51.62,76,100,17.49,overcast clouds
71,Sitka,US,57.0531,-135.33,53.49,82,90,0.0,light rain
72,Esperance,AU,-33.8667,121.9,58.84,84,96,16.17,light rain
73,Pozo Colorado,PY,-23.4923,-58.7972,85.69,31,57,5.57,broken clouds
74,Ribeira Grande,PT,38.5167,-28.7,68.29,68,94,7.63,overcast clouds
75,Semnan,IR,35.5729,53.3971,71.04,32,0,6.82,clear sky
76,Saint-Joseph,RE,-21.3667,55.6167,66.56,77,100,12.71,overcast clouds
77,Kununurra,AU,-15.7667,128.7333,89.58,51,32,6.91,scattered clouds
78,Urumqi,CN,43.801,87.6005,77.95,18,0,8.95,clear sky
79,Ituverava,BR,-20.3394,-47.7806,84.72,29,98,4.09,overcast clouds
80,Jiuquan,CN,39.7432,98.5174,74.05,19,53,15.59,broken clouds
81,Aklavik,CA,68.2191,-135.0107,45.32,78,100,5.46,overcast clouds
82,Taoudenni,ML,22.6783,-3.9836,94.03,17,16,22.3,few clouds
83,Mar Del Plata,AR,-38.0023,-57.5575,51.82,100,90,8.05,overcast clouds
84,New Norfolk,AU,-42.7826,147.0587,60.3,71,100,8.01,overcast clouds
85,Carnarvon,AU,-24.8667,113.6333,71.67,43,0,16.11,clear sky
86,Ust-Omchug,RU,61.15,149.6333,41.7,95,100,5.12,moderate rain
87,Yellowknife,CA,62.456,-114.3525,46.92,57,75,16.11,broken clouds
88,Vostok,RU,46.4856,135.8833,53.64,39,92,7.94,overcast clouds
89,Nishihara,JP,26.1842,127.7558,85.28,77,20,8.05,few clouds
90,Kodiak,US,57.79,-152.4072,52.11,54,1,6.87,clear sky
91,Dingzhou,CN,38.5131,114.9956,62.71,97,100,7.31,light rain
92,Brae,GB,60.3964,-1.353,57.11,94,83,16.75,broken clouds
93,Maceio,BR,-9.6658,-35.7353,72.84,94,20,4.61,few clouds
94,Angra Dos Reis,BR,-23.0067,-44.3181,67.96,94,20,2.84,few clouds
95,Hit,IQ,33.6416,42.8251,80.35,29,0,6.73,clear sky
96,Hennenman,ZA,-27.9765,27.0242,48.72,64,14,11.27,few clouds
97,Klaksvik,FO,62.2266,-6.589,54.52,87,100,22.77,overcast clouds
98,Hamilton,US,39.1834,-84.5333,77.85,80,1,0.0,clear sky
99,Poum,NC,-20.2333,164.0167,71.1,62,0,4.7,clear sky
100,Rorvik,NO,64.8621,11.2373,50.54,66,89,15.55,overcast clouds
101,Paducah,US,37.0834,-88.6001,73.62,95,1,3.44,clear sky
102,Poiares,PT,40.2103,-8.2575,61.12,95,6,2.55,clear sky
103,Kupang,ID,-10.1667,123.5833,90.18,43,20,20.71,few clouds
104,Pisco,PE,-13.7,-76.2167,60.85,82,90,13.8,overcast clouds
105,Port-Gentil,GA,-0.7193,8.7815,77.09,80,100,10.49,overcast clouds
106,Pocoes,BR,-14.5297,-40.3653,58.48,89,8,3.78,clear sky
107,Hualmay,PE,-11.0964,-77.6139,61.07,83,68,9.64,broken clouds
108,Bonfim,BR,3.0833,-59.95,79.7,74,99,4.05,overcast clouds
109,Talnakh,RU,69.4865,88.3972,40.98,97,100,3.62,light rain
110,Brazzaville,CG,-4.2658,15.2832,75.56,69,100,6.91,overcast clouds
111,Pahrump,US,36.2083,-115.9839,86.11,9,0,1.01,clear sky
112,Puerto Varas,CL,-41.3195,-72.9854,46.62,87,90,2.3,overcast clouds
113,Cape Town,ZA,-33.9258,18.4232,58.1,82,75,4.0,light rain
114,Constitucion,CL,-35.3333,-72.4167,49.3,76,16,12.86,few clouds
115,Fort Nelson,CA,58.8053,-122.7002,45.99,81,75,3.44,broken clouds
116,Sinnamary,GF,5.3833,-52.95,78.35,87,56,7.52,broken clouds
117,Pangnirtung,CA,66.1451,-65.7125,32.79,83,100,3.91,overcast clouds
118,Diamantino,BR,-14.4086,-56.4461,81.36,25,0,5.08,clear sky
119,Georgetown,MY,5.4112,100.3354,84.13,82,20,3.44,few clouds
120,Kargil,IN,34.5667,76.1,56.95,55,0,4.59,clear sky
121,Coihaique,CL,-45.5752,-72.0662,40.41,92,91,4.47,overcast clouds
122,Lockport,US,41.5895,-88.0578,69.98,78,1,13.8,clear sky
123,Bredasdorp,ZA,-34.5322,20.0403,49.28,93,2,5.75,clear sky
124,Salalah,OM,17.0151,54.0924,80.69,89,75,5.75,broken clouds
125,Puerto Escondido,MX,15.85,-97.0667,81.43,61,90,2.3,overcast clouds
126,Antalaha,MG,-14.9003,50.2788,70.99,84,99,4.18,overcast clouds
127,Champerico,GT,14.3,-91.9167,83.28,83,30,6.78,scattered clouds
128,Barbosa Ferraz,BR,-24.03,-52.0117,84.49,61,5,3.24,clear sky
129,Monrovia,LR,6.3005,-10.7969,75.09,93,100,5.82,light rain
130,Geraldton,AU,-28.7667,114.6,68.41,49,4,14.97,clear sky
131,Axim,GH,4.8699,-2.2405,74.7,93,100,5.06,overcast clouds
132,Sao Filipe,CV,14.8961,-24.4956,78.98,82,75,5.21,broken clouds
133,Vanderhoof,CA,54.0166,-124.0198,50.23,62,100,5.75,overcast clouds
134,Moron,AR,-34.6534,-58.6198,62.02,93,0,1.99,light rain
135,Portland,US,45.5234,-122.6762,61.47,87,59,1.01,broken clouds
136,Arraial Do Cabo,BR,-22.9661,-42.0278,70.07,90,8,5.75,clear sky
137,Viedma,AR,-40.8135,-62.9967,49.71,73,100,6.35,overcast clouds
138,Elmadag,TR,39.9208,33.2308,55.53,56,16,2.15,few clouds
139,Teknaf,BD,20.8624,92.3058,78.85,89,100,6.71,overcast clouds
140,Bartica,GY,6.4,-58.6167,75.52,87,100,2.55,overcast clouds
141,Saint-Georges,GD,12.0564,-61.7485,78.48,83,20,0.0,few clouds
142,Uyuni,BO,-20.4597,-66.825,50.99,45,51,11.23,broken clouds
143,Mpulungu,ZM,-8.7623,31.1141,76.64,52,12,7.92,few clouds
144,Hermanus,ZA,-34.4187,19.2345,49.8,77,3,4.54,clear sky
145,San Patricio,US,28.017,-97.5169,84.83,66,0,6.98,clear sky
146,Iquique,CL,-20.2208,-70.1431,59.04,79,86,3.18,overcast clouds
147,Iqaluit,CA,63.7506,-68.5145,33.53,93,90,5.75,overcast clouds
148,Kargopol,RU,61.5071,38.9456,37.51,75,100,3.27,overcast clouds
149,Pijijiapan,MX,15.7011,-93.23,78.42,91,72,2.75,broken clouds
150,Deer Lake,CA,49.1667,-57.4316,60.66,94,75,6.91,broken clouds
151,Barinas,VE,8.6226,-70.2075,64.09,91,95,2.84,overcast clouds
152,Cabo San Lucas,MX,22.8909,-109.9124,85.51,76,20,1.99,few clouds
153,Saint-Philippe,RE,-21.3585,55.7679,67.55,76,99,16.84,overcast clouds
154,Karak,JO,31.1667,35.75,57.92,69,0,4.16,clear sky
155,Bambous Virieux,MU,-20.3428,57.7575,69.22,88,75,11.5,light rain
156,San Vicente,AR,-26.6167,-54.1333,67.35,96,23,3.51,few clouds
157,Blackfoot,US,43.1905,-112.345,74.77,28,72,17.45,broken clouds
158,Merauke,ID,-8.4667,140.3333,82.29,70,100,12.06,overcast clouds
159,Oranjemund,NA,-28.55,16.4333,53.67,90,36,10.63,scattered clouds
160,San Policarpo,PH,12.1791,125.5072,82.36,79,100,4.0,overcast clouds
161,Dudinka,RU,69.4058,86.1778,39.13,94,100,10.36,light rain
162,Kruisfontein,ZA,-34.0033,24.7314,49.89,80,2,5.23,clear sky
163,Amapa,BR,1.0,-52.0,71.51,98,100,2.48,overcast clouds
164,Junction City,US,39.0286,-96.8314,78.66,71,1,3.0,clear sky
165,Guerrero Negro,MX,27.9769,-114.0611,69.89,80,12,18.28,few clouds
166,Anloga,GH,5.7947,0.8973,77.11,86,84,9.31,broken clouds
167,Kermanshah,IR,34.3142,47.065,54.5,35,0,0.0,clear sky
168,Sungurlu,TR,40.1675,34.3739,64.96,48,78,3.13,broken clouds
169,Mahebourg,MU,-20.4081,57.7,69.26,88,75,11.5,light rain
170,Zyryanovsk,KZ,49.7386,84.2719,48.61,81,62,0.09,broken clouds
171,Port Lincoln,AU,-34.7333,135.8667,64.31,46,9,26.04,clear sky
172,Sao Felix Do Xingu,BR,-6.6447,-51.995,77.04,53,11,0.85,few clouds
173,Dourbali,TD,11.8091,15.8632,77.34,77,62,6.6,broken clouds
174,Puerto Ayacucho,VE,5.6639,-67.6236,75.83,90,96,3.98,overcast clouds
175,Deputatskiy,RU,69.3,139.9,24.64,96,100,18.54,light snow
176,Half Moon Bay,US,37.4636,-122.4286,69.08,86,90,5.75,fog
177,Kenai,US,60.5544,-151.2583,57.29,58,1,8.05,clear sky
178,Manokwari,ID,-0.8667,134.0833,82.83,70,95,7.85,overcast clouds
179,Jacareacanga,BR,-6.2222,-57.7528,71.74,92,15,1.74,few clouds
180,San Ignacio,BZ,17.1561,-89.0714,77.14,94,0,0.0,clear sky
181,Nuristan,AF,35.3,70.8333,46.81,42,0,2.73,clear sky
182,Wajir,KE,1.7471,40.0573,74.35,70,10,14.5,clear sky
183,Vila Franca Do Campo,PT,37.7167,-25.4333,66.61,71,87,6.08,overcast clouds
184,Butembo,CD,0.15,29.2833,56.91,98,99,1.36,overcast clouds
185,Sept-Iles,CA,50.2001,-66.3821,56.05,69,75,1.99,broken clouds
186,Qaqortoq,GL,60.7167,-46.0333,41.5,97,100,6.26,light rain
187,Leshukonskoye,RU,64.8989,45.7622,38.41,79,100,6.29,overcast clouds
188,Melbourne,US,28.0836,-80.6081,81.01,92,75,0.0,light intensity drizzle
189,New Bern,US,35.1085,-77.0441,77.99,97,1,3.44,clear sky
190,Santa Isabel Do Rio Negro,BR,-0.4139,-65.0192,73.72,95,94,2.77,overcast clouds
191,New Richmond,US,45.123,-92.5366,71.89,55,1,9.22,clear sky
192,Inirida,CO,3.8653,-67.9239,73.98,96,100,1.23,overcast clouds
193,San Rafael,AR,-34.6177,-68.3301,62.8,33,0,8.72,clear sky
194,Constantine,DZ,36.365,6.6147,67.41,88,0,2.3,clear sky
195,Castro,BR,-24.7911,-50.0119,64.36,86,52,2.48,broken clouds
196,Shihezi,CN,44.3,86.0333,77.94,19,20,5.68,few clouds
197,Beidao,CN,34.5686,105.8933,65.88,73,1,0.6,clear sky
198,Batagay,RU,67.6333,134.6333,31.69,91,100,5.14,light snow
199,Kenora,CA,49.8167,-94.4337,64.38,59,1,10.36,clear sky
200,Vestmannaeyjar,IS,63.4427,-20.2734,51.17,89,15,17.94,few clouds
201,Bubaque,GW,11.2833,-15.8333,81.05,74,100,5.75,light rain
202,Butaritari,KI,3.0707,172.7902,82.8,69,13,16.67,few clouds
203,West Bay,KY,19.3667,-81.4167,84.27,83,20,1.99,few clouds
204,Pirovskoye,RU,57.6267,92.2658,47.01,82,100,3.94,overcast clouds
205,Taksimo,RU,56.3444,114.8794,47.77,57,27,2.21,scattered clouds
206,Tazovskiy,RU,67.4667,78.7,38.05,92,77,10.45,broken clouds
207,Leningradskiy,RU,69.3833,178.4167,28.31,84,96,19.39,overcast clouds
208,Bentiu,SS,9.2333,29.8333,67.5,98,95,3.51,overcast clouds
209,Atar,MR,20.5169,-13.0499,83.73,41,53,11.99,broken clouds
210,Victoria,HK,22.2855,114.1577,90.97,81,58,3.0,broken clouds
211,Jalu,LY,29.0331,21.5482,77.09,37,0,7.18,clear sky
212,Gairo,IT,39.8497,9.5047,62.17,56,0,5.5,clear sky
213,Klenovyy,UA,48.1193,39.4588,56.71,57,100,11.59,overcast clouds
214,Chistogorskiy,RU,53.9835,87.3843,47.98,67,72,5.1,broken clouds
215,Lasa,IT,46.6166,10.7002,58.08,92,87,1.57,overcast clouds
216,Businga,CD,3.3333,20.8833,71.73,91,100,1.01,overcast clouds
217,Praia Da Vitoria,PT,38.7333,-27.0667,66.76,88,75,8.81,broken clouds
218,Trelew,AR,-43.249,-65.3051,52.97,42,6,5.7,clear sky
219,Beroroha,MG,-21.6667,45.1667,59.88,56,22,6.62,few clouds
220,Porto Torres,IT,40.835,8.3972,64.58,82,22,5.93,few clouds
221,Umm Lajj,SA,25.0213,37.2685,80.87,63,2,8.34,clear sky
222,Kilindoni,TZ,-7.9139,39.6668,75.7,79,26,7.38,scattered clouds
223,Port Elizabeth,ZA,-33.918,25.5701,61.09,77,0,14.97,clear sky
224,Manta,EC,-0.95,-80.7333,73.18,88,90,13.8,overcast clouds
225,Nhulunbuy,AU,-12.2333,136.7667,86.61,45,40,17.27,scattered clouds
226,Raudeberg,NO,61.9875,5.1352,57.2,79,97,1.01,overcast clouds
227,Naze,JP,28.3667,129.4833,83.32,65,9,4.47,clear sky
228,Pokhara,NP,28.2333,83.9833,72.88,92,94,1.54,overcast clouds
229,Clearwater,US,27.9659,-82.8001,80.91,87,1,3.0,clear sky
230,Cidreira,BR,-30.1811,-50.2056,63.86,95,15,4.63,few clouds
231,Monte Alegre,BR,-2.0078,-54.0692,75.33,83,65,3.04,broken clouds
232,Sri Aman,MY,1.2376,111.4621,82.45,83,40,4.61,scattered clouds
233,Torbay,CA,47.6666,-52.7314,61.39,91,75,16.11,broken clouds
234,Shache,CN,38.4167,77.2406,73.42,17,0,4.94,clear sky
235,Jieshi,CN,22.8134,115.8257,84.2,76,81,11.01,broken clouds
236,Callaway,US,30.153,-85.5699,76.96,95,90,1.99,overcast clouds
237,Buraydah,SA,26.326,43.975,82.85,19,5,8.7,clear sky
238,Novikovo,RU,51.1537,37.8879,50.23,66,100,16.53,light rain
239,Acapulco,MX,16.8634,-99.8901,82.22,78,90,0.0,overcast clouds
240,Grindavik,IS,63.8424,-22.4338,48.15,87,75,10.36,broken clouds
241,Kashmor,PK,28.4333,69.5833,89.33,49,4,7.9,clear sky
242,Norton,ZW,-17.8833,30.7,53.28,86,3,5.93,clear sky
243,Airai,TL,-8.9266,125.4092,75.45,36,18,5.23,few clouds
244,Tigil,RU,57.8,158.6667,60.33,52,100,5.37,overcast clouds
245,San Blas,MX,21.5167,-105.2667,79.63,90,79,3.13,broken clouds
246,Ambilobe,MG,-13.2,49.05,72.32,90,93,3.42,light rain
247,Slave Lake,CA,55.2834,-114.769,51.78,82,40,10.36,scattered clouds
248,Sioux Lookout,CA,50.1001,-91.917,62.98,63,20,9.22,few clouds
249,Inta,RU,66.0317,60.1659,35.8,68,100,18.39,overcast clouds
250,Husavik,IS,66.0449,-17.3389,42.71,84,72,11.36,light rain
251,Ilulissat,GL,69.2167,-51.1,21.22,63,1,0.0,clear sky
252,La Ronge,CA,55.1001,-105.2842,57.45,72,90,9.22,overcast clouds
253,Belmonte,BR,-15.8631,-38.8828,73.9,79,7,5.44,clear sky
254,Canico,PT,32.6333,-16.85,72.68,76,75,1.99,broken clouds
255,Beloha,MG,-25.1667,45.05,61.5,63,99,7.14,overcast clouds
256,Avarua,CK,-21.2078,-159.775,78.85,65,20,14.97,few clouds
257,Barabash,RU,43.2,131.4833,69.48,46,92,1.86,overcast clouds
258,Cobija,BO,-11.0267,-68.7692,79.3,60,64,3.44,broken clouds
259,Tyup,KG,42.7276,78.3648,62.71,27,0,0.87,clear sky
260,Bowen,AU,-20.0167,148.2333,75.47,59,2,15.52,clear sky
261,Serov,RU,59.6033,60.5787,33.73,78,100,9.89,overcast clouds
262,Rivadavia,AR,-33.1905,-68.4608,64.87,31,0,12.48,clear sky
263,Tasiilaq,GL,65.6145,-37.6368,37.56,66,100,5.17,overcast clouds
264,Dzilam Gonzalez,MX,21.2833,-88.9333,80.62,78,63,5.48,broken clouds
265,Katherine,AU,-14.4667,132.2667,95.32,20,5,14.97,clear sky
266,Magadan,RU,59.5667,150.8,48.18,88,60,5.95,broken clouds
267,Lewiston,US,44.1003,-70.2148,67.33,98,1,5.75,clear sky
268,Nanortalik,GL,60.1432,-45.2371,41.22,92,100,10.78,light rain
269,Qeshm,IR,26.9581,56.2719,85.89,75,0,12.03,clear sky
270,Grottammare,IT,42.9888,13.8649,68.83,74,2,3.98,clear sky
271,Saint-Augustin,CA,51.226,-58.6502,55.42,73,100,7.9,overcast clouds
272,Old Town,CZ,50.087,14.4202,55.96,85,90,1.01,overcast clouds
273,Barguzin,RU,53.6167,109.6167,54.54,59,100,5.44,overcast clouds
274,Monteria,CO,8.748,-75.8814,76.96,93,100,8.34,overcast clouds
275,Bela,IN,25.9333,81.9833,81.64,78,5,1.23,clear sky
276,Los Llanos De Aridane,ES,28.6585,-17.9182,71.35,79,0,9.22,clear sky
277,Aberystwyth,GB,52.4155,-4.0829,57.67,93,62,4.56,broken clouds
278,Saint-Leu,RE,-21.15,55.2833,67.03,74,98,15.23,overcast clouds
279,Swellendam,ZA,-34.0226,20.4417,46.78,57,0,5.5,clear sky
280,Male,MV,4.1748,73.5089,82.53,75,100,7.99,overcast clouds
281,Moerai,PF,-22.4333,-151.3333,73.29,66,6,16.13,clear sky
282,Lompoc,US,34.6391,-120.4579,64.02,77,1,10.36,clear sky
283,Curuguaty,PY,-24.4694,-55.6945,77.7,55,92,3.85,overcast clouds
284,Cairns,AU,-16.9167,145.7667,87.06,56,90,19.57,overcast clouds
285,Rio Gallegos,AR,-51.6226,-69.2181,41.05,87,75,17.27,broken clouds
286,Shimoda,JP,34.6667,138.95,77.36,77,95,19.55,overcast clouds
287,Dingle,PH,10.9995,122.6711,84.76,73,25,1.52,scattered clouds
288,Kabala,SL,9.5833,-11.55,68.9,98,93,1.19,light rain
289,Buguruslan,RU,53.6554,52.442,33.64,90,7,5.64,clear sky
290,Saint Anthony,US,45.0205,-93.218,72.14,52,1,8.01,clear sky
291,Ponta Do Sol,PT,32.6667,-17.1,72.23,64,17,7.54,few clouds
292,Moche,PE,-8.1711,-79.0092,62.29,88,80,8.43,broken clouds
293,Jining,CN,35.405,116.5814,72.95,84,99,14.23,overcast clouds
294,Skjervoy,NO,70.0311,20.9714,47.14,69,100,11.25,overcast clouds
295,Mega,ET,4.05,38.3,62.19,59,81,16.51,broken clouds
296,Yerkoy,TR,39.6381,34.4672,66.29,43,73,1.92,broken clouds
297,Yar-Sale,RU,66.8333,70.8333,34.88,100,100,16.44,overcast clouds
298,Boyolangu,ID,-8.1181,111.8935,81.19,71,84,10.89,broken clouds
299,Walvis Bay,NA,-22.9575,14.5053,51.1,87,0,3.44,clear sky
300,Siilinjarvi,FI,63.0833,27.6667,39.22,93,90,4.61,overcast clouds
301,Charcas,MX,23.1333,-101.1167,65.61,60,78,10.36,broken clouds
302,Presidencia Roque Saenz Pena,AR,-26.7852,-60.4388,78.6,52,89,10.27,overcast clouds
303,Zaysan,KZ,47.4667,84.8667,55.13,55,1,2.19,clear sky
304,Mayumba,GA,-3.432,10.6554,74.35,86,91,5.86,overcast clouds
305,Camargo,MX,27.6667,-105.1667,81.66,26,33,10.65,scattered clouds
306,Shaunavon,CA,49.6501,-108.4181,67.78,30,92,15.79,overcast clouds
307,San Felipe,VE,10.3399,-68.7425,72.34,98,54,1.19,broken clouds
308,Meulaboh,ID,4.1363,96.1285,74.75,93,100,5.03,overcast clouds
309,Svetlyy,RU,54.675,20.1347,48.25,68,37,13.15,scattered clouds
310,Port Hedland,AU,-20.3167,118.5667,89.65,9,2,9.22,clear sky
311,Kalemie,CD,-5.9475,29.1947,69.22,88,98,5.82,light rain
312,Belaya Glina,RU,46.07,40.86,61.57,71,100,7.56,overcast clouds
313,Haines Junction,CA,60.7522,-137.5108,48.15,76,100,1.14,overcast clouds
314,Samarai,PG,-10.6167,150.6667,78.51,87,100,20.0,overcast clouds
315,Boca Do Acre,BR,-8.7522,-67.3978,76.33,78,38,2.53,scattered clouds
316,Kudahuvadhoo,MV,2.6708,72.8944,82.54,74,99,6.15,overcast clouds
317,Alice Springs,AU,-23.7,133.8833,74.75,31,40,12.66,scattered clouds
318,Simpang,ID,-1.2667,104.0833,79.97,84,98,4.72,overcast clouds
319,Warrington,GB,53.3925,-2.5802,64.87,88,99,1.99,overcast clouds
320,Tuy Hoa,VN,13.0833,109.3,74.95,95,100,4.47,very heavy rain
321,Ushtobe,KZ,45.2514,77.9838,69.03,13,25,3.02,scattered clouds
322,Novyy Urengoy,RU,66.0833,76.6333,37.4,94,96,12.62,overcast clouds
323,Havre-Saint-Pierre,CA,50.2334,-63.5986,53.96,76,1,10.36,clear sky
324,Ishigaki,JP,24.3448,124.1572,86.13,79,40,6.91,scattered clouds
325,Villa Carlos Paz,AR,-31.4241,-64.4978,60.24,76,0,4.0,clear sky
326,Orsha,BY,54.5153,30.4053,42.91,94,100,19.39,light rain
327,Kalmunai,LK,7.4167,81.8167,80.98,81,100,6.49,overcast clouds
328,Linkou,CN,45.3,130.2833,64.49,63,97,2.77,overcast clouds
329,Urusha,RU,54.05,122.9,47.95,53,96,3.8,overcast clouds
330,Mount Isa,AU,-20.7333,139.5,87.57,23,0,12.66,clear sky
331,Dikson,RU,73.5069,80.5464,34.16,75,10,25.99,clear sky
332,Bandarbeyla,SO,9.4942,50.8122,78.98,78,100,22.26,overcast clouds
333,Manyana,BW,-23.4,21.7167,61.43,43,3,4.32,clear sky
334,Santa Catalina,PH,9.3337,122.8637,84.24,72,64,3.44,broken clouds
335,Semey,KZ,50.4111,80.2275,43.02,87,0,6.71,clear sky
336,Coahuayana,MX,18.7333,-103.6833,77.38,93,100,2.33,overcast clouds
337,Santa Cruz Cabralia,BR,-16.2781,-39.0247,73.63,78,20,4.61,few clouds
338,Ancud,CL,-41.8697,-73.8203,42.33,83,14,2.66,few clouds
339,Saint-Ambroise,CA,48.5501,-71.3324,52.57,80,100,2.95,overcast clouds
340,Gizo,SB,-8.103,156.8419,84.02,73,37,8.57,light rain
341,Rezina,MD,47.7492,28.9622,51.15,89,9,2.98,clear sky
342,Yining,CN,29.0361,114.5636,88.63,59,9,3.18,clear sky
343,Les Cayes,HT,18.2,-73.75,78.58,86,50,2.19,scattered clouds
344,Trinidad,BO,-14.8333,-64.9,85.95,37,29,4.25,scattered clouds
345,Westport,US,41.1415,-73.3579,76.77,86,1,5.01,clear sky
346,Cobourg,DE,50.2667,10.9667,54.55,97,15,4.12,few clouds
347,Raymore,US,38.8019,-94.4527,78.48,81,1,4.61,clear sky
348,Shenjiamen,CN,29.9576,122.298,76.71,80,64,13.44,broken clouds
349,Stralsund,DE,54.3091,13.0818,53.76,72,91,11.34,overcast clouds
350,Fortuna,US,40.5982,-124.1573,64.42,68,75,1.01,broken clouds
351,Jacksonville,US,30.3322,-81.6556,82.04,86,90,3.44,haze
352,Tevriz,RU,57.509,72.4042,34.84,87,35,7.72,scattered clouds
353,Norman Wells,CA,65.282,-126.8329,51.84,62,75,10.36,broken clouds
354,Swakopmund,NA,-22.6833,14.5333,50.99,81,0,1.01,clear sky
355,Vardo,NO,70.3705,31.1107,43.39,77,4,19.71,clear sky
356,Krasnomayskiy,RU,57.6194,34.4099,35.85,80,100,8.66,overcast clouds
357,Zhangye,CN,38.9342,100.4517,68.61,30,52,4.34,broken clouds
358,Quesnel,CA,52.9999,-122.5029,55.9,76,90,3.44,overcast clouds
359,Atherton,GB,53.5237,-2.4935,64.29,88,100,3.0,overcast clouds
360,Barrow,US,71.2906,-156.7887,35.62,80,90,12.66,overcast clouds
361,Gao,ML,16.6362,1.637,90.32,35,1,12.3,clear sky
362,Aransas Pass,US,27.9095,-97.15,84.97,81,1,6.91,clear sky
363,Kulhudhuffushi,MV,6.6221,73.07,82.08,77,35,8.61,scattered clouds
364,Conceicao Do Araguaia,BR,-8.2578,-49.2647,84.9,31,65,2.91,broken clouds
365,Tuatapere,NZ,-46.1333,167.6833,52.83,70,100,9.55,light rain
366,Ponta Delgada,PT,37.7333,-25.6667,66.92,72,40,8.05,scattered clouds
367,Languyan,PH,5.2618,120.0807,84.85,67,99,5.21,overcast clouds
368,Ostrovnoy,RU,68.0531,39.5131,36.7,79,8,2.82,clear sky
369,San Pedro,PH,14.35,121.0167,81.63,85,90,4.61,overcast clouds
370,Puksoozero,RU,62.5903,40.6066,30.47,95,34,3.74,scattered clouds
371,Petropavlovsk-Kamchatskiy,RU,53.0452,158.6483,55.99,54,20,8.95,few clouds
372,Grand Gaube,MU,-20.0064,57.6608,69.39,85,86,4.0,light rain
373,Sambava,MG,-14.2667,50.1667,71.35,84,100,6.58,overcast clouds
374,Cabedelo,BR,-6.9811,-34.8339,74.07,77,6,13.71,clear sky
375,Aswan,EG,24.0934,32.907,78.1,31,0,10.36,clear sky
376,Inhambane,MZ,-23.865,35.3833,65.26,57,87,8.05,overcast clouds
377,Parczew,PL,51.6402,22.9006,45.21,93,100,10.67,light rain
378,Sabang,ID,5.8933,95.3214,81.7,71,99,8.63,overcast clouds
379,Ati,TD,13.2154,18.3353,81.14,65,9,6.78,clear sky
380,Tiznit,MA,29.5833,-9.5,65.86,83,100,1.88,overcast clouds
381,Dayong,CN,25.0209,118.2898,87.48,67,0,1.36,clear sky
382,Bozeman,US,45.6796,-111.0386,73.89,24,1,5.99,clear sky
383,Santiago De Cao,PE,-7.9589,-79.2392,62.49,84,79,12.08,broken clouds
384,Sabha,LY,27.0377,14.4283,78.13,21,0,10.36,clear sky
385,Muros,ES,42.7762,-9.0603,60.24,94,72,4.74,broken clouds
386,Aldan,RU,58.6031,125.3894,40.06,70,61,11.14,broken clouds
387,College,US,64.8569,-147.8028,44.55,55,75,5.75,broken clouds
388,Harbour Breton,CA,47.4833,-55.7983,60.08,96,100,11.9,overcast clouds
389,Cervo,ES,43.6702,-7.4101,49.19,75,55,7.83,broken clouds
390,Lander,US,42.833,-108.7307,70.61,37,90,21.85,overcast clouds
391,Bongouanou,CI,6.6486,-4.1992,69.93,100,100,2.26,overcast clouds
392,Ikovka,RU,55.6089,64.9375,34.7,90,53,10.76,broken clouds
393,Thinadhoo,MV,0.5333,72.9333,83.17,72,87,4.29,overcast clouds
394,Abha,SA,18.2164,42.5053,64.22,23,0,0.0,clear sky
395,Chokurdakh,RU,70.6333,147.9167,35.67,55,69,7.54,broken clouds
396,Tabuk,PH,17.4189,121.4443,85.62,68,60,5.39,broken clouds
397,Goderich,CA,43.7501,-81.7165,60.91,82,66,5.75,broken clouds
398,Kayes,ML,14.0,-11.0,78.93,77,60,2.06,broken clouds
399,Sterling,US,39.0062,-77.4286,75.43,91,1,0.0,clear sky
400,Sobolevo,RU,54.4299,31.8996,42.33,94,100,18.66,light rain
401,Hommelvik,NO,63.4108,10.7942,51.78,81,0,6.91,clear sky
402,Acajutla,SV,13.5928,-89.8275,80.22,83,62,3.51,broken clouds
403,Huntington,US,38.4193,-82.4452,72.54,92,1,0.0,clear sky
404,Charters Towers,AU,-20.1,146.2667,81.99,28,8,15.7,clear sky
405,Bud,US,39.447,-86.1758,75.34,86,100,2.98,overcast clouds
406,Izumo,JP,35.3667,132.7667,78.75,61,40,16.11,scattered clouds
407,Ugoofaaru,MV,5.6667,73.0,82.31,77,24,8.99,few clouds
408,Skibbereen,IE,51.55,-9.2667,53.4,85,0,13.27,clear sky
409,Gotsu,JP,35.0,132.2167,77.14,68,42,14.23,scattered clouds
410,Kailua,US,21.4022,-157.7394,84.18,68,40,13.8,scattered clouds
411,Putna,RO,47.8667,25.6167,51.58,88,69,6.73,broken clouds
412,Tarakan,ID,3.3,117.6333,81.9,78,40,3.44,scattered clouds
413,Olafsvik,IS,64.8945,-23.7142,46.06,76,99,6.31,overcast clouds
414,Keti Bandar,PK,24.1447,67.4497,82.94,81,82,11.88,broken clouds
415,Bundaberg,AU,-24.85,152.35,79.09,44,3,5.75,clear sky
416,Mozarlandia,BR,-14.7447,-50.5706,82.94,14,7,5.91,clear sky
417,High Rock,BS,26.6208,-78.2833,78.82,71,100,6.8,overcast clouds
418,Ambikapur,IN,23.1167,83.2,74.66,88,100,2.01,overcast clouds
419,Algiers,DZ,36.7525,3.042,69.62,83,20,4.61,few clouds
420,Suez,EG,29.9737,32.5263,70.63,79,0,8.25,clear sky
421,Kangaatsiaq,GL,68.3065,-53.4641,30.52,58,9,4.45,clear sky
422,Tutoia,BR,-2.7619,-42.2744,80.13,78,98,12.19,overcast clouds
423,Rocha,UY,-34.4833,-54.3333,54.91,99,11,5.12,few clouds
424,Mancio Lima,BR,-7.6142,-72.8958,75.18,72,0,2.93,clear sky
425,Kieta,PG,-6.2167,155.6333,84.99,68,88,5.39,light rain
426,Carlsbad,US,33.1581,-117.3506,72.77,81,1,1.99,clear sky
427,Abu Zabad,SD,12.35,29.25,70.18,91,48,5.95,scattered clouds
428,Sergeyevka,KZ,53.88,67.4158,36.14,88,44,11.68,scattered clouds
429,Severnyy,RU,50.677,36.5532,53.64,76,75,15.66,light intensity shower rain
430,Kysyl-Syr,RU,63.8986,122.7617,40.59,54,97,10.65,overcast clouds
431,Bengkulu,ID,-3.8004,102.2655,79.66,81,56,10.94,light rain
432,Paramonga,PE,-10.6667,-77.8333,61.23,85,50,8.5,scattered clouds
433,Sancti Spiritus,CU,21.9297,-79.4425,76.33,93,65,6.76,broken clouds
434,Lamar,US,33.6668,-95.5836,81.52,80,1,5.75,clear sky
435,Ambon,ID,-3.6954,128.1814,91.54,62,20,2.3,few clouds
436,Cayenne,GF,4.9333,-52.3333,83.08,80,63,1.01,broken clouds
437,Mahibadhoo,MV,3.7833,72.9667,82.58,75,75,7.4,broken clouds
438,Upata,VE,8.0086,-62.3989,77.2,70,98,3.65,overcast clouds
439,Kosh-Agach,RU,50.0,88.6667,48.47,57,1,2.3,clear sky
440,Jinchang,CN,38.4953,102.1739,69.22,28,96,7.7,overcast clouds
441,Erdenet,MN,49.0333,104.0833,56.37,69,37,1.81,scattered clouds
442,Adrar,MR,20.5022,-10.0711,84.9,31,69,13.76,broken clouds
443,Gomez Palacio,MX,25.5667,-103.5,87.67,20,1,4.61,clear sky
444,Nigde,TR,37.8333,34.75,56.95,41,4,2.42,clear sky
445,Tezu,IN,27.9167,96.1667,80.83,57,0,1.61,clear sky
446,Sangar,RU,63.9242,127.4739,38.44,74,59,17.58,broken clouds
447,Griffith,US,41.5284,-87.4237,70.29,81,1,1.01,clear sky
448,Chapais,CA,49.7834,-74.8492,47.98,67,100,2.19,overcast clouds
449,Stephenville,US,32.2207,-98.2023,82.49,51,1,3.44,clear sky
450,San Quintin,MX,30.4833,-115.95,68.45,76,0,16.8,clear sky
451,Mandalgovi,MN,45.7625,106.2708,57.42,67,98,7.47,overcast clouds
452,Pacifica,US,37.6138,-122.4869,68.25,91,40,5.01,fog
453,Mehran,IR,33.1222,46.1646,76.48,22,0,10.4,clear sky
454,Conway,US,35.0887,-92.4421,76.98,91,90,5.75,overcast clouds
455,Flinders,AU,-34.5833,150.8552,73.06,39,6,8.99,clear sky
456,Brewster,US,41.3973,-73.6171,73.96,83,53,1.01,broken clouds
457,Preobrazheniye,RU,42.9019,133.9064,69.4,63,82,5.57,broken clouds
458,Tual,ID,-5.6667,132.75,79.77,81,93,16.71,overcast clouds
459,Tsagan Aman,RU,47.5639,46.7218,50.94,52,17,9.71,few clouds
460,Papetoai,PF,-17.4961,-149.8729,80.19,75,95,16.78,light rain
461,Prince Rupert,CA,54.3161,-130.3201,53.29,94,90,2.3,light rain
462,Lixourion,GR,38.2019,20.4314,67.86,77,4,6.64,clear sky
463,Chiang Klang,TH,19.2938,100.8617,85.33,77,84,1.36,broken clouds
464,Yerbogachen,RU,61.2767,108.0108,48.0,53,100,9.35,overcast clouds
465,North Bend,US,43.4065,-124.2243,62.94,88,90,11.5,overcast clouds
466,Verkhnevilyuysk,RU,63.4453,120.3167,40.28,63,100,7.25,overcast clouds
467,Wawa,NG,9.9022,4.4192,73.08,94,19,4.88,few clouds
468,Amalner,IN,21.05,75.0667,76.33,87,92,0.81,overcast clouds
469,Katsuura,JP,35.1333,140.3,82.44,71,91,25.3,overcast clouds
470,Valparaiso,CL,-33.0393,-71.6273,51.44,76,0,3.44,clear sky
471,Namatanai,PG,-3.6667,152.4333,85.05,69,86,9.89,light rain
472,Richards Bay,ZA,-28.783,32.0377,56.73,79,0,8.23,clear sky
473,Maningrida,AU,-12.0667,134.2667,85.35,48,100,13.44,overcast clouds
474,Mount Gambier,AU,-37.8333,140.7667,53.51,94,90,17.27,overcast clouds
475,Kingman,US,35.1894,-114.053,86.77,41,1,8.05,clear sky
476,Beisfjord,NO,68.3751,17.5988,50.25,74,100,7.63,overcast clouds
477,Sur,OM,22.5667,59.5289,80.67,73,3,8.75,clear sky
478,Byron Bay,AU,-28.65,153.6167,78.91,70,47,10.96,scattered clouds
479,Ningxiang,CN,37.34,111.2052,55.54,96,100,1.57,light rain
480,Lawrenceburg,US,38.0373,-84.8966,75.09,92,1,0.0,clear sky
481,Wembley,AU,-31.9333,115.8,65.01,72,20,5.75,few clouds
482,Kidal,ML,18.4411,1.4078,87.91,13,0,7.96,clear sky
483,Copiapo,CL,-27.3667,-70.3333,51.49,63,100,1.72,overcast clouds
484,Nagram,IN,26.6167,81.1333,84.25,79,0,1.99,clear sky
485,Port Hardy,CA,50.6996,-127.4199,53.78,94,75,2.3,light intensity shower rain
486,Paita,PE,-5.0892,-81.1144,64.31,82,1,13.4,clear sky
487,Zhigansk,RU,66.7697,123.3711,35.78,72,99,12.55,overcast clouds
488,Anori,BR,-3.7728,-61.6442,74.7,87,21,1.43,few clouds
489,Kutum,SD,14.2,24.6667,76.06,52,87,0.11,overcast clouds
490,Veraval,IN,20.9,70.3667,80.44,88,94,7.27,overcast clouds
491,Marquette,US,46.5333,-87.6335,57.78,83,7,8.05,clear sky
492,Chimbarongo,CL,-34.7,-71.05,45.48,89,0,3.15,clear sky
493,Dawson Creek,CA,55.7666,-120.2362,46.04,87,90,3.44,overcast clouds
494,Alekseyevsk,RU,57.8406,108.3492,52.86,54,100,3.69,overcast clouds
495,Kaihua,CN,23.3687,104.28,70.83,82,100,6.8,overcast clouds
496,Flagstaff,US,35.1981,-111.6513,62.6,85,90,3.0,moderate rain
497,Olinda,BR,-8.0089,-34.8553,76.73,65,40,10.36,scattered clouds
498,Hasaki,JP,35.7333,140.8333,77.4,68,99,25.14,overcast clouds
499,Hofn,IS,64.2539,-15.2082,51.78,89,45,19.62,light rain
500,Vila Velha,BR,-20.3297,-40.2925,73.35,78,0,8.05,clear sky
501,Faya,SA,18.3851,42.4509,64.51,22,46,3.8,scattered clouds
502,Tessalit,ML,20.1986,1.0114,88.38,13,0,11.1,clear sky
503,Cheyenne,US,41.14,-104.8203,73.22,25,1,9.22,clear sky
504,Pacific Grove,US,36.6177,-121.9166,68.76,86,75,3.0,broken clouds
505,Durazno,UY,-33.4131,-56.5006,55.67,92,0,8.34,clear sky
506,Kijang,KR,35.2442,129.2139,78.53,65,8,15.46,clear sky
507,Carbonia,IT,39.1672,8.5222,72.0,74,1,3.91,clear sky
508,Zhanaozen,KZ,43.3,52.8,58.03,33,0,11.1,clear sky
509,Honiara,SB,-9.4333,159.95,87.28,67,26,11.61,scattered clouds
510,Springbok,ZA,-29.6643,17.8865,45.03,86,88,5.48,overcast clouds
511,Ginda,IN,30.6945,78.4932,67.08,82,27,0.72,scattered clouds
512,Synya,RU,65.3718,58.0387,34.63,77,100,11.99,overcast clouds
513,Yermakovskoye,RU,53.2831,92.4003,54.97,85,86,2.91,overcast clouds
514,Kelvington,CA,52.1667,-103.5343,65.86,25,28,10.04,scattered clouds
515,Tymovskoye,RU,50.8456,142.655,53.64,50,66,12.01,broken clouds
516,Muyezerskiy,RU,63.9333,31.65,38.55,89,100,3.44,overcast clouds
517,Salmas,IR,38.1973,44.7653,52.79,48,0,1.14,clear sky
518,Dunkwa,GH,5.9656,-1.78,70.7,99,95,2.37,overcast clouds
519,Warrnambool,AU,-38.3833,142.4833,57.81,77,100,27.47,overcast clouds
520,Riyadh,SA,24.6877,46.7219,77.14,16,0,7.14,clear sky
521,Marsh Harbour,BS,26.5412,-77.0636,82.94,69,11,6.82,few clouds
522,Mao,ES,39.8885,4.2658,73.96,83,20,6.91,few clouds
523,Saint-Junien,FR,45.8833,0.9,55.98,99,69,3.51,broken clouds
524,Sultepec,MX,18.8667,-99.95,58.89,96,99,3.69,overcast clouds
525,Lugo,ES,43.0,-7.5,52.36,99,27,0.98,scattered clouds
526,Effingham,US,32.3669,-81.3332,80.83,92,99,4.38,overcast clouds
527,Denpasar,ID,-8.65,115.2167,83.86,79,40,13.8,scattered clouds
528,Rawson,AR,-43.3002,-65.1023,52.41,50,5,6.58,clear sky
529,Beira,MZ,-19.8436,34.8389,71.69,64,40,14.97,scattered clouds
530,Daru,PG,-9.0763,143.2092,78.33,87,100,17.96,overcast clouds
531,Rio Grande,BR,-32.035,-52.0986,62.94,94,25,8.01,scattered clouds
532,Broome,US,42.2506,-75.833,65.01,83,1,1.01,clear sky
533,Tonantins,BR,-2.8731,-67.8022,76.08,86,70,3.22,broken clouds
534,Upernavik,GL,72.7868,-56.1549,20.75,62,16,5.66,few clouds
535,Kudat,MY,6.8837,116.8477,85.93,70,20,5.75,few clouds
536,Bismarck,US,46.8083,-100.7837,72.86,69,1,5.75,clear sky
537,Pinos,MX,22.3,-101.5667,54.59,65,41,16.75,scattered clouds
538,Khilchipur,IN,24.0333,76.5667,74.34,96,100,10.45,overcast clouds
539,Grootfontein,NA,-19.5667,18.1167,58.57,31,0,4.61,clear sky
540,Sao Joao Da Barra,BR,-21.6403,-41.0511,73.24,87,7,7.74,clear sky
541,Helong,CN,42.5397,128.9972,74.84,39,100,3.13,overcast clouds
542,Bathsheba,BB,13.2167,-59.5167,75.81,88,20,3.44,few clouds
543,Ostersund,SE,63.1792,14.6357,45.05,81,90,10.36,overcast clouds
544,Itarema,BR,-2.9248,-39.9167,78.44,80,8,18.3,clear sky
545,Baruun-Urt,MN,46.6806,113.2792,53.87,77,55,14.65,broken clouds
546,Shaoyang,CN,27.2315,111.4525,86.56,59,9,7.34,clear sky
547,Catuday,PH,16.2923,119.8062,83.71,69,44,7.65,scattered clouds
548,Payson,US,40.0444,-111.7321,72.95,59,75,1.99,broken clouds
549,Coquimbo,CL,-29.9533,-71.3436,53.33,87,0,4.61,clear sky
550,Dalnerechensk,RU,45.9339,133.7225,60.73,40,73,4.72,broken clouds
551,Nivala,FI,63.9167,24.9667,40.68,81,100,3.49,overcast clouds
552,Den Helder,NL,52.9599,4.7593,58.98,90,90,6.91,overcast clouds
553,Naryan-Mar,RU,67.6713,53.087,37.76,76,100,16.69,overcast clouds
554,Yabrud,SY,33.9674,36.6574,57.52,41,0,3.15,clear sky
555,Culpeper,US,38.5004,-77.9664,75.15,91,1,0.0,clear sky
556,Jaciara,BR,-15.9653,-54.9683,81.91,21,5,2.46,clear sky
557,Camacha,PT,33.0833,-16.3333,69.22,60,75,9.22,broken clouds
558,Mogadishu,SO,2.0371,45.3438,76.98,81,29,14.54,scattered clouds
559,Bluff,NZ,-46.6,168.3333,52.81,70,100,13.2,moderate rain
560,Narasimharajapura,IN,13.6167,75.5167,69.44,87,100,1.81,overcast clouds
561,Abu Samrah,SY,35.3029,37.1841,68.23,61,0,5.17,clear sky
562,Lingao,CN,19.9103,109.6859,86.16,70,17,8.34,few clouds
563,Cortland,US,42.6001,-76.083,63.63,87,0,4.54,clear sky
564,Yashalta,RU,46.3395,42.2762,60.13,71,92,12.97,overcast clouds
565,Dongargaon,IN,20.9667,80.85,76.41,82,99,4.14,overcast clouds
566,Guayaramerin,BO,-10.8368,-65.3614,80.22,58,67,1.95,broken clouds
567,Muroto,JP,33.2833,134.15,86.04,70,6,3.13,clear sky
568,Don Benito,ES,38.9563,-5.8616,60.93,44,0,3.06,clear sky
569,Montepuez,MZ,-13.1256,38.9997,68.31,75,85,10.8,overcast clouds
570,Verkh-Chebula,RU,56.0308,87.6218,47.21,66,100,10.18,overcast clouds
571,Manakara,MG,-22.1333,48.0167,63.82,71,79,9.35,broken clouds
572,Jurmala,LV,56.968,23.7704,41.02,81,0,13.8,clear sky
573,Sechura,PE,-5.5569,-80.8222,64.11,77,1,15.48,clear sky
574,Lorengau,PG,-2.0226,147.2712,83.8,74,80,7.92,broken clouds
575,Chernyshevskiy,RU,63.0128,112.4714,41.74,58,91,5.28,overcast clouds
576,Hambantota,LK,6.1241,81.1185,82.74,89,20,5.75,few clouds
577,Bastia,FR,42.6667,9.3333,73.2,82,0,1.99,clear sky
578,Orlik,RU,52.5178,99.825,55.67,48,16,1.59,few clouds
579,Fukue,JP,32.6881,128.8419,79.16,73,40,14.97,scattered clouds
580,Mach,PK,29.8637,67.3298,82.31,42,26,2.04,scattered clouds
581,Luderitz,NA,-26.6481,15.1594,52.74,88,33,5.21,scattered clouds
582,Nador,MA,35.174,-2.9287,70.05,60,0,1.14,clear sky
583,Ibipeba,BR,-11.6408,-42.0111,67.69,39,6,6.71,clear sky
584,Yaan,NG,7.3833,8.5667,72.64,96,99,5.68,overcast clouds
585,Uvinza,TZ,-5.1036,30.3911,67.53,84,98,3.71,light rain
586,Bargur,IN,12.5424,78.3539,78.3,66,100,1.54,overcast clouds
587,Emerald,AU,-23.5333,148.1667,80.74,36,1,8.05,clear sky
588,Bull Savanna,JM,17.8868,-77.5902,77.77,81,52,2.1,broken clouds
589,Karratha,AU,-20.7377,116.8463,85.78,19,1,11.1,clear sky
590,Anamur,TR,36.0751,32.8369,68.02,42,0,3.71,clear sky
591,Mecca,SA,21.4267,39.8261,85.03,33,22,6.02,few clouds
592,Udachnyy,RU,66.4167,112.4,33.82,76,64,3.47,broken clouds
593,Luanda,AO,-8.8368,13.2343,68.9,87,27,3.96,scattered clouds
594,Patti,IN,31.2808,74.8572,82.35,69,0,5.35,clear sky
595,Oria,ES,43.2554,-2.0187,60.53,83,91,4.0,overcast clouds
596,Zlobin,HR,45.2924,14.6541,54.7,82,20,2.3,few clouds
597,Casas Grandes,MX,30.3667,-107.95,78.46,26,58,5.39,broken clouds
598,Sanbu,CN,33.4594,119.1453,78.75,66,0,12.68,clear sky
599,Srednekolymsk,RU,67.45,153.6833,36.9,47,48,17.87,scattered clouds
600,Miyakonojo,JP,31.7333,131.0667,80.22,67,72,3.29,broken clouds
601,Severo-Kurilsk,RU,50.6789,156.125,52.99,89,100,13.22,overcast clouds
602,Atyrau,KZ,47.1167,51.8833,48.22,57,0,8.95,clear sky
603,Contamana,PE,-7.3333,-75.0167,80.76,57,90,1.79,overcast clouds
604,Camalu,MX,30.85,-116.0667,68.41,74,0,11.43,clear sky
605,Mhlume,SZ,-26.0333,31.85,57.87,86,8,3.62,clear sky
606,Sao Jose Da Coroa Grande,BR,-8.8978,-35.1478,73.65,78,11,7.81,few clouds
607,San Ramon,US,37.7799,-121.978,68.14,81,75,1.01,broken clouds
608,Illela,NG,13.7292,5.2975,80.49,67,73,9.8,broken clouds
609,Ola,RU,59.5833,151.2833,47.41,92,98,6.73,overcast clouds
610,Araouane,ML,18.9048,-3.5265,93.97,18,43,9.53,scattered clouds
611,Pyapon,MM,16.2833,95.6833,81.5,83,100,3.4,overcast clouds
612,Vagur,FO,61.4732,-6.8119,53.33,87,100,22.7,overcast clouds
613,Abay,KZ,49.6311,72.8539,43.18,63,100,12.19,overcast clouds
614,Sukumo,JP,32.9333,132.7333,81.5,65,30,2.28,scattered clouds
615,Djambala,CG,-2.5447,14.7533,69.33,84,100,3.8,overcast clouds
616,Svetlogorsk,BY,52.6333,29.7333,47.77,95,100,5.77,overcast clouds
617,Marawi,PH,7.9986,124.2928,77.65,69,52,2.04,broken clouds
618,Mamallapuram,IN,12.6264,80.1722,82.45,74,97,7.92,overcast clouds
619,Channel-Port Aux Basques,CA,47.5702,-59.1367,61.81,99,97,2.39,overcast clouds
620,Bereznik,RU,62.8551,42.7072,38.86,69,100,4.45,overcast clouds
621,Tignere,CM,7.3667,12.65,64.06,91,90,1.3,overcast clouds
622,Iskateley,RU,67.6803,53.1512,37.74,77,100,16.73,overcast clouds
623,Chas,IN,23.6333,86.1667,80.6,79,96,4.94,overcast clouds
624,Paso De Carrasco,UY,-34.8603,-56.0522,59.14,100,40,4.61,scattered clouds
625,Mitchell,US,43.7094,-98.0298,78.78,68,1,8.99,clear sky
626,Scottsboro,US,34.6723,-86.0341,73.51,100,1,0.0,clear sky
627,Staroshcherbinovskaya,RU,46.6311,38.6742,63.86,69,99,6.35,light rain
628,Maine-Soroa,NE,13.2114,12.0241,83.16,51,68,7.16,broken clouds
629,The Valley,AI,18.217,-63.0578,82.81,72,3,14.41,clear sky
630,Merritt Island,US,28.5392,-80.672,80.98,90,75,3.44,light intensity drizzle
631,Ibirapitanga,BR,-14.1642,-39.3736,63.36,99,31,1.21,scattered clouds
632,Srandakan,ID,-7.9386,110.2506,82.69,67,35,13.04,scattered clouds
633,Felanitx,ES,39.4696,3.1483,72.95,81,0,4.72,clear sky
634,Nadym,RU,65.5333,72.5167,38.48,86,98,18.99,overcast clouds
635,Nanyang,CN,32.9947,112.5328,62.94,92,100,12.75,light rain
636,Kamenka,RU,51.3223,42.7678,48.27,49,100,11.03,overcast clouds
637,Polunochnoye,RU,60.8697,60.4153,30.04,90,100,7.87,overcast clouds
638,Holme,DK,56.1138,10.1725,53.74,80,98,8.63,overcast clouds
639,Odienne,CI,9.51,-7.5692,70.41,97,31,4.27,scattered clouds
640,Aras,ES,42.5617,-2.356,52.32,87,0,5.75,clear sky
641,Manitouwadge,CA,49.1215,-85.8403,50.72,86,31,4.92,scattered clouds
642,Grimshaw,CA,56.1834,-117.6027,48.9,93,40,3.44,scattered clouds
643,Goure,NE,13.9835,10.2704,86.97,42,87,8.23,overcast clouds
644,Yamada,JP,39.4667,141.95,74.86,54,48,5.64,scattered clouds
645,Eyl,SO,7.9803,49.8164,78.53,80,91,17.78,overcast clouds
646,Cody,US,44.5263,-109.0565,70.29,50,1,6.91,clear sky
647,Zenzeli,RU,45.9241,47.0474,56.84,65,96,9.69,overcast clouds
648,Qandala,SO,11.472,49.8728,87.98,60,64,1.32,broken clouds
649,Glenwood Springs,US,39.5505,-107.3248,74.21,87,90,16.11,light rain
650,Yugorsk,RU,61.3133,63.3319,32.58,87,100,14.32,overcast clouds
651,Astoria,US,46.1879,-123.8313,58.96,94,90,1.99,moderate rain
652,Tomatlan,MX,19.9333,-105.25,76.86,94,100,1.97,overcast clouds
653,Villanueva De Cordoba,ES,38.3228,-4.6287,56.93,40,0,4.27,clear sky
654,Wuwei,CN,37.9281,102.6414,67.33,35,100,4.41,overcast clouds
655,Nouakchott,MR,18.0858,-15.9785,80.53,80,32,10.22,scattered clouds
656,Polis,CY,35.0367,32.4264,69.62,61,0,1.14,clear sky
657,Avera,US,33.194,-82.5271,78.71,63,100,2.24,overcast clouds
658,Seoul,KR,37.5683,126.9778,80.17,57,0,5.75,clear sky
659,Dhidhdhoo,MV,6.8833,73.1,82.08,78,52,8.9,broken clouds
660,Morant Bay,JM,17.8815,-76.4093,82.02,82,36,6.76,scattered clouds
661,Jishou,CN,28.3167,109.7167,83.44,75,16,7.25,few clouds
662,College Place,US,46.0493,-118.3883,64.42,67,40,3.0,scattered clouds
663,Horsham,GB,51.064,-0.3272,61.59,91,20,0.0,few clouds
664,Kariba,ZW,-16.5167,28.8,64.51,72,5,8.32,clear sky
665,Victoria Point,AU,-27.5833,153.3,85.68,45,54,4.0,broken clouds
666,Nioki,CD,-2.7167,17.6833,72.25,92,100,2.75,overcast clouds
667,Caconda,AO,-13.7333,15.0667,62.2,75,59,4.25,broken clouds
668,Makushino,RU,55.2103,67.2442,32.76,91,9,12.12,clear sky
669,Carupano,VE,10.6678,-63.2585,77.77,84,76,7.0,broken clouds
670,Nemuro,JP,43.3236,145.575,70.23,85,97,12.3,overcast clouds
671,Kloulklubed,PW,7.0419,134.2556,82.9,77,100,19.89,overcast clouds
672,Mnogovershinnyy,RU,53.9353,139.9242,47.59,51,20,18.72,few clouds
673,Hondo,JP,32.45,130.2,82.35,69,0,6.04,clear sky
674,Tupik,RU,54.4253,119.9327,50.56,54,13,3.91,few clouds
675,Kongolo,CD,-5.3833,27.0,70.45,90,95,4.9,overcast clouds
676,Kibre Mengist,ET,5.8833,38.9833,60.13,97,100,2.06,moderate rain
677,Kastamonu,TR,41.5,33.6667,55.9,91,100,2.13,overcast clouds
678,Chekhov,RU,55.1431,37.4711,41.23,69,100,11.25,light rain
679,Guarapari,BR,-20.6667,-40.4975,73.29,71,2,9.15,clear sky
680,Weingarten,DE,47.8,9.6333,54.05,92,30,6.91,scattered clouds
681,Lazaro Cardenas,MX,17.9583,-102.2,79.36,84,100,1.9,overcast clouds
682,Svetlaya,RU,46.5389,138.3297,60.91,39,100,2.13,overcast clouds
683,Yanam,IN,16.7333,82.2167,82.8,80,100,3.69,overcast clouds
684,Santa Isabel,BR,-23.3156,-46.2214,68.65,94,23,2.39,few clouds
685,Lithakia,GR,37.7167,20.8333,69.17,94,20,0.0,few clouds
686,Kavaratti,IN,10.5669,72.642,81.55,78,100,9.82,overcast clouds
687,Hay River,CA,60.8156,-115.7999,49.98,76,75,3.44,broken clouds
688,Pemangkat,ID,1.1667,108.9667,81.37,76,100,4.7,overcast clouds
689,Vandra,EE,58.6481,25.0361,39.18,90,1,8.97,clear sky
690,Vanimo,PG,-2.6741,141.3028,82.22,79,87,4.97,moderate rain
691,Kokoda,PG,-8.8785,147.7407,80.37,87,100,3.91,overcast clouds
692,Saldanha,ZA,-33.0117,17.9442,57.25,89,100,20.85,light rain
693,Manzanillo,CU,20.3433,-77.1167,78.39,84,94,9.57,overcast clouds
694,Hatillo,PR,18.4863,-66.8254,81.16,85,3,8.75,clear sky
695,Juneau,US,58.3019,-134.4197,55.45,88,100,3.76,overcast clouds
696,Quatre Cocos,MU,-20.2078,57.7625,69.1,83,55,7.09,light rain
697,Zverinogolovskoye,RU,54.4586,64.8542,33.31,92,24,10.13,few clouds
698,Yumen,CN,40.2833,97.2,70.59,23,12,14.52,few clouds
699,Terney,RU,45.0503,136.6092,65.44,32,62,2.51,broken clouds
700,Manggar,ID,-2.8833,108.2667,84.61,68,100,15.28,overcast clouds
701,Molchanovo,RU,57.5817,83.7692,43.59,79,100,8.34,overcast clouds
702,Svarstad,NO,59.399,9.9698,51.82,55,100,1.48,overcast clouds
703,Ixtapa,MX,20.7,-105.2,76.23,100,90,13.8,overcast clouds
704,Terrace,CA,54.5163,-128.6035,51.71,93,75,13.8,light rain
705,Hervey Bay,AU,-25.2986,152.8535,78.91,65,4,9.42,clear sky
706,Gornyy,RU,55.1153,83.9059,45.79,65,87,12.73,overcast clouds
707,Zhezkazgan,KZ,47.8043,67.7144,46.65,55,45,6.89,scattered clouds
708,Guane,CU,22.2025,-84.0875,78.84,72,44,2.28,scattered clouds
709,Suluq,LY,31.6682,20.2521,77.85,36,0,5.99,clear sky
710,Totness,SR,5.8833,-56.3167,77.74,82,75,5.35,broken clouds
711,Saint-Pierre,RE,-21.3393,55.4781,67.64,85,90,8.05,light rain
712,Cap Malheureux,MU,-19.9842,57.6142,69.48,85,82,4.0,light rain
713,Lac Du Bonnet,CA,50.2536,-96.0612,67.3,56,2,14.07,clear sky
714,Bintulu,MY,3.1667,113.0333,84.61,79,20,4.61,few clouds
715,Kirkland Lake,CA,48.1446,-80.0377,48.49,93,48,2.39,scattered clouds
716,Ucluelet,CA,48.9329,-125.5528,58.08,90,34,8.9,scattered clouds
717,Kapaa,US,22.0752,-159.319,85.98,68,40,3.0,scattered clouds
718,Tromso,NO,69.6496,18.957,46.42,66,75,11.5,broken clouds
719,Issoire,FR,45.55,3.25,56.46,92,100,2.21,overcast clouds
720,Arrecife,ES,28.963,-13.5477,73.47,78,0,9.22,clear sky
721,Raahe,FI,64.6833,24.4833,42.89,77,100,7.29,overcast clouds
722,Maniitsoq,GL,65.4167,-52.9,35.6,53,3,7.0,clear sky
723,Tiksi,RU,71.6872,128.8694,34.45,75,100,18.28,overcast clouds
724,Puerto Madryn,AR,-42.7692,-65.0385,53.58,56,6,9.31,clear sky
725,Henties Bay,NA,-22.116,14.2845,50.86,93,0,6.26,clear sky
726,Ilhabela,BR,-23.7781,-45.3581,69.57,94,45,2.64,scattered clouds
727,Chumikan,RU,54.7183,135.315,52.05,48,94,20.58,overcast clouds
728,Saint-Louis,SN,16.3333,-15.0,84.63,66,100,10.71,overcast clouds
729,Nalchiti,BD,22.6333,90.2833,78.64,88,100,5.1,moderate rain
730,Tingo Maria,PE,-9.2895,-76.0088,71.47,88,57,2.21,broken clouds
731,Merrill,US,45.1805,-89.6835,59.72,80,1,3.44,clear sky
732,Dumas,US,35.8656,-101.9732,78.12,53,1,10.36,clear sky
733,Reykjavik,IS,64.1355,-21.8954,47.86,88,90,10.36,overcast clouds
734,Huaraz,PE,-9.5333,-77.5333,54.37,80,89,3.2,light rain
735,Ballina,AU,-28.8667,153.5667,78.98,66,86,10.22,overcast clouds
736,Letchworth,GB,51.9794,-0.2284,61.54,91,20,3.44,mist
737,Rosario,AR,-32.9468,-60.6393,63.61,74,0,3.0,clear sky
738,Dori,BF,14.0354,-0.0345,84.63,55,100,14.94,overcast clouds
739,Benfleet,GB,51.565,0.5558,62.24,93,0,2.3,clear sky
740,San Juan,AR,-31.5375,-68.5364,70.74,23,0,5.3,clear sky
741,Bogorodsk,RU,56.1033,43.5158,36.75,78,100,3.78,overcast clouds
742,Waddan,LY,29.1614,16.139,79.2,30,0,10.31,clear sky
743,Victor Harbor,AU,-35.5667,138.6167,65.71,61,10,4.0,clear sky
744,La Asuncion,VE,11.0333,-63.8628,69.53,100,27,10.36,scattered clouds
745,Tommot,RU,58.9564,126.2925,44.62,61,26,11.25,scattered clouds
746,Galesong,ID,-5.3166,119.3661,84.22,55,98,3.96,overcast clouds
747,Hopkinsville,US,36.8656,-87.4886,71.64,100,100,6.6,overcast clouds
748,Bol,TD,13.4586,14.7147,82.4,71,7,7.23,clear sky
749,Kargasok,RU,59.0556,80.8572,39.33,85,100,10.0,overcast clouds
750,Seydi,TM,39.4816,62.9137,68.22,24,0,11.27,clear sky
751,Talcahuano,CL,-36.7167,-73.1167,51.48,71,0,13.8,clear sky
752,Porto De Moz,BR,-1.7483,-52.2383,76.57,77,96,3.38,overcast clouds
753,Baykit,RU,61.67,96.37,46.58,82,94,2.28,overcast clouds
754,Marseille,FR,43.3333,5.5,62.85,89,100,17.98,overcast clouds
755,Sibu,MY,2.3,111.8167,79.11,89,40,8.05,scattered clouds
756,Lapua,FI,62.9693,23.0088,42.51,90,76,3.51,broken clouds
757,Kemijarvi,FI,66.7131,27.4306,39.83,83,100,3.98,overcast clouds
758,Ulaangom,MN,49.9811,92.0667,62.56,32,0,3.29,clear sky
759,Joshimath,IN,30.5667,79.5667,71.96,75,12,0.36,few clouds
760,San Cristobal,VE,7.7669,-72.225,77.18,97,100,2.91,overcast clouds
761,Dongsheng,CN,39.8161,109.9776,61.66,52,100,7.18,moderate rain
762,Eskil,TR,38.4017,33.4131,64.83,40,17,6.64,few clouds
763,Sorong,ID,-0.8833,131.25,81.95,73,100,2.3,overcast clouds
764,Xunchang,CN,28.4543,104.715,65.12,96,100,4.21,light rain
765,Linxia,CN,35.6003,103.2064,58.68,53,8,3.4,clear sky
766,Ingham,US,42.6,-84.3833,67.3,77,1,3.44,clear sky
767,Barra Patuca,HN,15.8,-84.2833,80.4,85,100,7.72,overcast clouds
768,Talara,PE,-4.5772,-81.2719,64.18,87,10,16.08,clear sky
769,Viseu,PT,40.661,-7.9097,55.87,77,4,4.25,clear sky
770,Kimbe,PG,-5.5502,150.1429,87.1,66,100,3.71,light rain
771,Jilib,SO,0.4883,42.7854,71.94,95,25,3.91,scattered clouds
772,Antofagasta,CL,-23.65,-70.4,56.48,81,100,4.0,overcast clouds
773,Nantucket,US,41.2835,-70.0995,66.09,94,0,10.07,clear sky
774,Kashi,CN,39.4547,75.9797,72.61,24,0,8.95,clear sky
775,Havre,FR,49.5833,0.3333,62.37,94,90,6.91,overcast clouds
776,Athens,GR,37.9795,23.7162,81.37,51,2,1.01,clear sky
777,Vallenar,CL,-28.5708,-70.7581,62.02,51,88,2.19,overcast clouds
778,San Andres,CO,12.5847,-81.7006,82.42,89,75,8.05,broken clouds
779,Taywarah,AF,33.35,64.4167,52.43,14,15,5.32,few clouds
780,Beyneu,KZ,45.3167,55.2,54.36,47,1,7.7,clear sky
781,Ayan,RU,56.45,138.1667,49.55,51,100,20.42,overcast clouds
782,Oistins,BB,13.0667,-59.5333,75.29,88,20,3.44,few clouds
783,Cockburn Town,TC,21.4612,-71.1419,82.74,71,0,16.58,clear sky
784,Dubbo,AU,-32.25,148.6167,64.53,34,0,9.22,clear sky
785,Gilgit,PK,35.9221,74.3087,78.33,35,0,1.03,clear sky
786,Caete,BR,-19.88,-43.6697,72.63,38,73,2.75,broken clouds
787,Padang,ID,-0.9492,100.3543,78.85,95,100,3.31,overcast clouds
788,Puerto Cabezas,NI,14.0351,-83.3888,78.69,87,86,6.62,overcast clouds
789,Urucara,BR,-2.5364,-57.76,76.87,78,40,1.36,scattered clouds
790,Koltsovo,RU,54.9376,83.1825,47.59,79,100,1.99,overcast clouds
791,Farafangana,MG,-22.8167,47.8333,61.77,69,23,9.57,few clouds
792,Requena,ES,39.4883,-1.1004,64.99,57,0,4.12,clear sky
793,Plettenberg Bay,ZA,-34.0527,23.3716,57.6,60,0,5.03,clear sky
794,Vilyuysk,RU,63.7553,121.6247,40.75,56,99,10.25,overcast clouds
795,Tupelo,US,34.2576,-88.7034,73.98,87,90,8.05,overcast clouds
796,Madanapalle,IN,13.55,78.5,77.86,56,100,2.48,overcast clouds
797,Sinjar,IQ,36.3209,41.8754,76.59,30,0,7.99,clear sky
798,Caronport,CA,50.4501,-105.8179,75.69,15,72,3.74,broken clouds
799,Atambua,ID,-9.1061,124.8925,84.99,42,29,3.33,scattered clouds
800,Azare,NG,11.6765,10.1948,76.28,75,62,7.18,broken clouds
801,Fairbanks,US,64.8378,-147.7164,43.14,57,90,1.01,overcast clouds
802,North Platte,US,41.1239,-100.7654,80.49,54,1,8.01,clear sky
803,Mizdah,LY,31.4451,12.9801,71.64,25,0,1.57,clear sky
804,Mana,GF,5.6592,-53.7767,79.09,85,88,5.88,overcast clouds
805,Biak,ID,-0.9131,122.8766,80.56,67,100,6.08,overcast clouds
806,Louga,RU,58.7372,29.8453,36.66,87,100,8.52,overcast clouds
807,Mikkeli,FI,61.6886,27.2723,37.15,100,90,1.14,overcast clouds
808,Bonthe,SL,7.5264,-12.505,76.41,90,100,4.52,moderate rain
809,Road Town,VG,18.4167,-64.6167,81.0,73,3,13.22,clear sky
810,Lebanon,US,36.2081,-86.2911,72.16,80,1,0.0,clear sky
811,Praya,CV,14.9215,-23.5087,79.34,94,40,2.3,scattered clouds
812,Pangody,RU,65.85,74.4859,37.98,89,100,15.82,overcast clouds
813,Koslan,RU,63.4564,48.8989,36.57,69,100,9.24,overcast clouds
814,Curitibanos,BR,-27.2828,-50.5844,58.24,100,52,2.04,broken clouds
815,Buin,CL,-33.7333,-70.75,51.84,83,44,2.71,scattered clouds
816,Sao Miguel Do Araguaia,BR,-13.275,-50.1628,81.43,20,6,3.4,clear sky
817,Sinnar,SD,13.5691,33.5672,75.18,79,32,9.19,scattered clouds
818,Kousseri,CM,12.0769,15.0306,80.56,65,20,3.44,thunderstorm
